{
    "000": "--b1Ua-kWJE 0",
    "001": "-2Zdu3hMGVw 0",
    "002": "-7K_Oz8lswo 0",
    "003": "-9Gg5zdX7nU 0",
    "004": "-C5sgroT610 0",
    "005": "-H9RMHKAyKs 0",
    "006": "-KIQ4ATeAX0 0",
    "007": "-KaOTpx_icI 0",
    "008": "-PMjPTgYiuE 0",
    "009": "-ROqgU3Nt2M 0",
    "010": "-RceHketB9c 0",
    "011": "-epV7xWx5ac 0",
    "012": "-hZZ-11yg0I 0",
    "013": "-iNBE5x-p1U 0",
    "014": "-lyoRBS897s 0",
    "015": "-tutmgfU4k4 0",
    "016": "-yx-xXYy5s8 0",
    "017": "0-NqUg4gVbQ 0",
    "018": "00JT2rwquIE 0",
    "019": "03pM6Vgv8-g 0",
    "020": "05HWa6JWOuw 0",
    "021": "085nRNJXUYk 0",
    "022": "093EdKDP7Zs 0",
    "023": "0GvV_83Wlf8 0",
    "024": "0HH9SA6PtGE 0",
    "025": "0gQ_EwnItOI 0",
    "026": "0qjxH8dxbFE 0",
    "027": "0r4uhJdcIQA 0",
    "028": "1-28pATD3xM 0",
    "029": "10r7mRtkE0s 0",
    "030": "18KtBf-4sPs 0",
    "031": "1KhvD-55RSQ 0",
    "032": "1LOX4wtfg50 0",
    "033": "1OHrQ7iIP6I 0",
    "034": "1RWPV7UV9jw 0",
    "035": "1aJO2VkfZiY 0",
    "036": "1lgHcDoKRGA 0",
    "037": "1ouIl61HXpE 0",
    "038": "1sdTxz94FFw 0",
    "039": "1vpfHf42UuI 0",
    "040": "1ziUbRLSPT4 0",
    "041": "22mAllXi_-g 0",
    "042": "2CoPkWzrzew 0",
    "043": "2GFsiWW-874 0",
    "044": "2JLZ-ycl710 0",
    "045": "2JhLsUjRrjg 0",
    "046": "2ThJSdfzX_k 0",
    "047": "2VcewGxmq9U 0",
    "048": "2_FZClSHjLI 0",
    "049": "2a6oWjQ2IxI 0",
    "050": "2fUBAzRHK-Y 0",
    "051": "2iBnQpy8OMw 0",
    "052": "2lSQaOzVONg 0",
    "053": "2su-BnPJ9iY 0",
    "054": "33-BEVrpH60 0",
    "055": "3DH8E9oNxEs 0",
    "056": "3GR37XOFBfw 0",
    "057": "3Km3QLvQRSw 0",
    "058": "3L89U7a_AxQ 0",
    "059": "3RnfV-yicmw 0",
    "060": "3nRtQQh5VPY 0",
    "061": "3xDBNxpxXLQ 0",
    "062": "46Wi4MvIfe4 0",
    "063": "48oHOsvSshw 0",
    "064": "4B3CMdpXQpk 0",
    "065": "4CkQn5byAbM 0",
    "066": "4Jx1f8OYSlQ 0",
    "067": "4j2ALxYvbS8 0",
    "068": "51ZPXte7UcE 0",
    "069": "53IbEBdm54k 0",
    "070": "55VFF0Ed_x4 0",
    "071": "5IO7gc9JjII 0",
    "072": "5OmyhUC2O5M 0",
    "073": "5QOExrnlHXs 0",
    "074": "5RxBSY68bwQ 0",
    "075": "5b96N4ciJRY 0",
    "076": "5bY0-5G8fMw 0",
    "077": "5cHIIZCPudc 0",
    "078": "5pcmfjCWGjo 0",
    "079": "5vpgKFWVWHo 0",
    "080": "65K8qOV_hgU 0",
    "081": "6DDf4JaUypo 0",
    "082": "6DK7SdjVcCo 0",
    "083": "6DNgGcy4588 0",
    "084": "6W7kF_F0G90 0",
    "085": "6hctJHlc2P0 0",
    "086": "6iZXAcFKxLQ 0",
    "087": "6mHtx4slYY0 0",
    "088": "6oX4unjn8hE 0",
    "089": "6sLGAsjNiG8 0",
    "090": "6wPq9Hu5mBw 0",
    "091": "6wWi6Bo0WzY 0",
    "092": "6yDH-LUybFM 0",
    "093": "7AExRo67llw 0",
    "094": "7FQTdnsR3oc 0",
    "095": "7G3q4D0091g 0",
    "096": "7HzCARkDG6E 0",
    "097": "7KdyD85ks8E 0",
    "098": "7OpTmxsRmsU 0",
    "099": "7U7PKIddWag 0",
    "100": "7euehKgkSU8 0",
    "101": "7mp2fwFcshA 0",
    "102": "7p6Ywa7EB04 0",
    "103": "7sSPBQvxImQ 0",
    "104": "8-n1eJ93hLo 0",
    "105": "86jGS1e9LL8 0",
    "106": "8AEye_DhrLE 0",
    "107": "8EbK-V1KgkQ 0",
    "108": "8HJLN_J8KVE 0",
    "109": "8ILvKPA3TI0 0",
    "110": "8Iq_jpo5inE 0",
    "111": "8JRWqPRrWO0 0",
    "112": "8OqAJkIeMII 0",
    "113": "8Otuh0svaNs 0",
    "114": "8SIY0viEMBs 0",
    "115": "8WGsQ0Y7uyU 0",
    "116": "8a6c1Csxvy4 0",
    "117": "8fn1oZY5vYM 0",
    "118": "8hYEVZ3jaQY 0",
    "119": "8kstheMpWEw 0",
    "120": "8t2tmcwQAmk 0",
    "121": "8tRxmyznFvQ 0",
    "122": "96tXaKFgvQ8 0",
    "123": "9GXE4Z7qkmA 0",
    "124": "9IJpA4hiJb4 0",
    "125": "9MXHGPK3oHw 0",
    "126": "9N5ohjsWcZk 0",
    "127": "9P9v4-aKfss 0",
    "128": "9Q10HCcHtpY 0",
    "129": "9SyiRBzdh70 0",
    "130": "9UWnc1YQvBU 0",
    "131": "9W5-B_oWec8 0",
    "132": "9aYroelpK5I 0",
    "133": "9bKbhLtgcNc 0",
    "134": "9jGK1fRtNI0 0",
    "135": "9kC9xAhlJJg 0",
    "136": "9lt491iMkko 0",
    "137": "9tGnxCZWcL4 0",
    "138": "A0WteaMNXXw 0",
    "139": "A9uJt6LiPK4 0",
    "140": "AJCkmFnWA4s 0",
    "141": "ALW9IXRMi1g 0",
    "142": "AMaamrn_YGw 0",
    "143": "APgyObHX8Ow 0",
    "144": "ASK5geAy3z0 0",
    "145": "ATvNPrfpJZI 0",
    "146": "AWpblnNeZ1s 0",
    "147": "AYte103vaO8 0",
    "148": "AjY4JmV-PhA 0",
    "149": "Amk1PGyr3Gc 0",
    "150": "B00MYygHeoI 0",
    "151": "B4djeBI6ehQ 0",
    "152": "BEmHm2TaUDA 0",
    "153": "BLYYeCOiLLg 0",
    "154": "BP52hP0TLU0 0",
    "155": "BSaH497AOPY 0",
    "156": "BYPw2wrSlOw 0",
    "157": "BgNuT4AABUg 0",
    "158": "Bjgzj7vCRKM 0",
    "159": "Bo507-uaGkY 0",
    "160": "Bpa3wwb5Dt8 0",
    "161": "C3vd0HQ0yVM 0",
    "162": "C4PPoKRdOTM 0",
    "163": "C6g0LMJYAYw 0",
    "164": "C6nqXjcxPeA 0",
    "165": "C70f0BKgFXg 0",
    "166": "C7AkdfPv7FY 0",
    "167": "CCCj29_HbXA 0",
    "168": "CFlVYLX4fQs 0",
    "169": "CRluQ54RAFM 0",
    "170": "CYxf0PAbKdY 0",
    "171": "CZcVqQluNqU 0",
    "172": "Ctexu_Rf_2M 0",
    "173": "Cwsba0yb_dc 0",
    "174": "D4fMT9F5WMM 0",
    "175": "DHqsIMeNcws 0",
    "176": "DNdoVRx9iQc 0",
    "177": "DTndc8nQqqI 0",
    "178": "DbH6IPT6XE4 0",
    "179": "DbyhFK5sf2w 0",
    "180": "DdhwFUtoKzk 0",
    "181": "DfN6Xn9bgTc 0",
    "182": "Dh0MV3_8ulU 0",
    "183": "DjwudZqo-Bg 0",
    "184": "DoAGFnn0LJs 0",
    "185": "DpPpePzP7h0 0",
    "186": "Dv5jIIGBDLM 0",
    "187": "DxSGldup4_w 0",
    "188": "E7JhewcSHzs 0",
    "189": "E9WhvBtLXvs 0",
    "190": "EDcTF0a549E 0",
    "191": "ELdJy9NhUgc 0",
    "192": "EMLALfhSftA 0",
    "193": "EQhLO7NZmZk 0",
    "194": "ETvU9F-gAyY 0",
    "195": "EdIjwvd-XYw 0",
    "196": "EkBGHtN3o34 0",
    "197": "EnCvJ46oFq0 0",
    "198": "F-9EYqiUsZQ 0",
    "199": "F2-rCJ36nao 0",
    "200": "F90ZU5rJa9k 0",
    "201": "FBEwR46somU 0",
    "202": "FEL7rdDJzxM 0",
    "203": "FLEukFnxiH4 0",
    "204": "FTKej1qmKiQ 0",
    "205": "FTwDVMUysfk 0",
    "206": "FZV35miEdyI 0",
    "207": "FaQVnnWu4Yk 0",
    "208": "FehqXMk0XHQ 0",
    "209": "Fg4hl4bmObU 0",
    "210": "Fm96-nebe-8 0",
    "211": "FmsaYUrfL5M 0",
    "212": "Fshh4w2zEbg 0",
    "213": "FtaRM4aj3AE 0",
    "214": "G-DBOlOFzBs 0",
    "215": "G9VPlSvq3AQ 0",
    "216": "GHE8Q7v2uu4 0",
    "217": "GHvC1sewHnI 0",
    "218": "GRn-S4b0GsQ 0",
    "219": "GSlQV8vnQ6Q 0",
    "220": "GYoceL31dAo 0",
    "221": "GZtz6sgFJUE 0",
    "222": "GnAyjjgCAWg 0",
    "223": "Gt5trholJkI 0",
    "224": "GtEdPl82pwo 0",
    "225": "GunF3fefH0M 0",
    "226": "GxlUC3RgjGk 0",
    "227": "H-M0TOqBSU8 0",
    "228": "H2VUhGnxKew 0",
    "229": "H5DQF1MCPZI 0",
    "230": "HG5S_FtTdkU 0",
    "231": "HGAxJCF9rGM 0",
    "232": "HGt-N2YPOxU 0",
    "233": "HIV2f2oU1Jc 0",
    "234": "HJny2NcQbs4 0",
    "235": "HKm5Ax0EfWg 0",
    "236": "HLdt8lcSqsM 0",
    "237": "HLtGVL5Jl6A 0",
    "238": "HNTrRjESeGs 0",
    "239": "H_tr_yumvt0 0",
    "240": "HcxuXsEPnsE 0",
    "241": "HiP4_tFd-dI 0",
    "242": "HlhGvSGnZPk 0",
    "243": "HoskB9a0QBg 0",
    "244": "I-LWHG3GThI 0",
    "245": "I-m8cxW7-fY 0",
    "246": "I27QUH8vBAk 0",
    "247": "I8AXX4Z2xTg 0",
    "248": "ILDc0AwH5A0 0",
    "249": "IMnplOSVc8M 0",
    "250": "IUf3jXCizdE 0",
    "251": "IdQWDGDD8NA 0",
    "252": "IqRpG9z8ZVs 0",
    "253": "IrnIYz_BroQ 0",
    "254": "J19a5jzhs64 0",
    "255": "J4Q04urrYPw 0",
    "256": "J6JiC28882A 0",
    "257": "JBtvYyQb56c 0",
    "258": "JEjD8iXgGX0 0",
    "259": "JKq8DBJkN4g 0",
    "260": "JKsfXX792AU 0",
    "261": "JNt0nChuZ24 0",
    "262": "JVqunAiPehM 0",
    "263": "JcDp6duudXs 0",
    "264": "JioBn4uF6_U 0",
    "265": "Jl_1OqSZ8Fs 0",
    "266": "Jns1_Pc7EEA 0",
    "267": "JxlegQADtzQ 0",
    "268": "KAAAOXsPSTQ 0",
    "269": "KQEPTbPlpcY 0",
    "270": "KVPybTZ-C64 0",
    "271": "KimevNRWNV4 0",
    "272": "Kkmu6tqtJqo 0",
    "273": "KmNaFaybc7k 0",
    "274": "KqSl5C8Zlfc 0",
    "275": "KqaMJLzIyAU 0",
    "276": "KtOuuZvi9jA 0",
    "277": "KuIn633mwk8 0",
    "278": "KvOft42KA1U 0",
    "279": "KwNSGKvv5oE 0",
    "280": "KzZ9hNuWfAY 0",
    "281": "L2VD9ALczYk 0",
    "282": "L39hr6IDUj4 0",
    "283": "L6zdY9Kd6jM 0",
    "284": "LD7iOhQdhI8 0",
    "285": "LSbqFFI5umQ 0",
    "286": "LTj2z-GMX8U 0",
    "287": "LVmUIqNKPew 0",
    "288": "LZccqrB4n2Q 0",
    "289": "Ld2AIw5USL0 0",
    "290": "LlVFy9dZwb4 0",
    "291": "Lw8iGmsOk-k 0",
    "292": "MCuWq_djw6c 0",
    "293": "MFBQjYFNLw0 0",
    "294": "MS2vjKDguLQ 0",
    "295": "MSGbQQztyYQ 0",
    "296": "MwBwGsezYpA 0",
    "297": "Mz0qtfXeCZs 0",
    "298": "NA9U0oHjAL8 0",
    "299": "NB8fdQIzVJM 0",
    "300": "NEglvoiqE2c 0",
    "301": "NQP2QtH0wbU 0",
    "302": "NS1X-mcitLI 0",
    "303": "NU18JtRfeHk 0",
    "304": "NYHNzjklLk0 0",
    "305": "NgHsryUNHYM 0",
    "306": "NgiCQD0RJZ4 0",
    "307": "NiYHuoKGX8c 0",
    "308": "NvvZkR1YUMw 0",
    "309": "O20ah1y-8_c 0",
    "310": "O2sTiTYnZfs 0",
    "311": "OG9L99YWmM8 0",
    "312": "ObRlX1pCh_w 0",
    "313": "Ode_G72nKUQ 0",
    "314": "OiS5rleK-F0 0",
    "315": "OzFEEXYBqV8 0",
    "316": "PSCVLIboCfc 0",
    "317": "PfzMtTnIyiI 0",
    "318": "Pgbfbsf40Ws 0",
    "319": "PhsRrmq1YRI 0",
    "320": "Pm2rw9hSmm4 0",
    "321": "Pu13KpO9Kcc 0",
    "322": "QLiE6h179a8 0",
    "323": "QLpd-5DxgGs 0",
    "324": "QSxS6WlAHEQ 0",
    "325": "QXrORcCbDhE 0",
    "326": "QY4cgYNUOdI 0",
    "327": "Qgpr1XQdb-I 0",
    "328": "QvNou4BxYEw 0",
    "329": "Qw9bdN8sCQM 0",
    "330": "QyxS5092oNE 0",
    "331": "R03Sko97IDE 0",
    "332": "R03Sko97IDE 1",
    "333": "R7mP4ugFNfo 0",
    "334": "R94FhivB5dw 0",
    "335": "RBTDZo0IqmA 0",
    "336": "RRAysUaj2DA 0",
    "337": "RWM1ZTfBuG8 0",
    "338": "RhYLGrvuqPA 0",
    "339": "RmWHKqjG_vQ 0",
    "340": "RoHpuuIv70E 0",
    "341": "RpcntqWGzAg 0",
    "342": "SW_xO1gB0y0 0",
    "343": "S_dlCMlgokU 0",
    "344": "Sf8WBuXclVU 0",
    "345": "SudfOT9EEBU 0",
    "346": "Sya7CnxWBXo 0",
    "347": "SzYw04N10rM 0",
    "348": "TfxLjCUySRM 0",
    "349": "Tg8HOuJT70A 0",
    "350": "Tn03Kw2i4Lw 0",
    "351": "U0_W8x_3iC0 0",
    "352": "UERuiCqLfII 0",
    "353": "UH4LOaknTg4 0",
    "354": "Un5QIB0wQ-k 0",
    "355": "VNfRD6fG7Lo 0",
    "356": "VQ6L4_TBrnE 0",
    "357": "VS6s6Qd9LFw 0",
    "358": "Va8XVrFoErU 0",
    "359": "VhE3cYpl7UM 0",
    "360": "VyrhRXZ901o 0",
    "361": "W0V8JctnzhI 0",
    "362": "W6qpSIoYyfk 0",
    "363": "WBygvBTjRMA 0",
    "364": "Wi63l8M75HE 0",
    "365": "WiYH7IxylcE 0",
    "366": "Wo1SxgCvd1Y 0",
    "367": "WsOmiUqBPA0 0",
    "368": "WxJH6RBAXqA 0",
    "369": "Wxo9Yc2M3iw 0",
    "370": "X0BYjAsMxss 0",
    "371": "X7DtwdViCjI 0",
    "372": "X7vHxOyOYvQ 0",
    "373": "X9ihHNrr-1k 0",
    "374": "XCu-hUr0afM 0",
    "375": "XEFksgCefyg 0",
    "376": "XF_ctM1GMg8 0",
    "377": "XGyvkLyrs1o 0",
    "378": "XTpKPHgjBYs 0",
    "379": "XaxzjknSwwU 0",
    "380": "Xgor7M--cI4 0",
    "381": "Xt8yDHZ_wNY 0",
    "382": "XvjyBre9jT4 0",
    "383": "Y5AOS_GA9Kw 0",
    "384": "YO4G6bBEfsw 0",
    "385": "Yaxc9nAvOD4 0",
    "386": "Yfud48LLuT8 0",
    "387": "YomQcvtQA-M 0",
    "388": "Z2aWbbwo6I0 0",
    "389": "Z5K_lix6e9E 0",
    "390": "ZJ5F_C4Phds 0",
    "391": "ZMkMEtgzRpI 0",
    "392": "ZOoBG1r-7y4 0",
    "393": "ZR3d8yRO1kc 0",
    "394": "ZUkeswW93N0 0",
    "395": "Zh54aq6BiBY 0",
    "396": "ZibWptcZeLA 0",
    "397": "ZytDJl_emP0 0",
    "398": "ZzTpJYDc62E 0",
    "399": "_3qHd5fF2SQ 0",
    "400": "_BnZdaQ8sKs 0",
    "401": "_C75s0BPUto 0",
    "402": "_LsHRnU-0jE 0",
    "403": "_id43Cq7yP0 0",
    "404": "a1xn-ujCDx8 0",
    "405": "a3gchoBGz_M 0",
    "406": "a4NFGrGOnZQ 0",
    "407": "aR2P88Aw43U 0",
    "408": "aS62n5PdTIU 0",
    "409": "acHJTFoAijk 0",
    "410": "agwQVsr_Krs 0",
    "411": "appfHQLqXsE 0",
    "412": "art_xZIWyLw 0",
    "413": "atLkFI8Ehvs 0",
    "414": "b-E3dThFnwo 0",
    "415": "b3CN-J1XssM 0",
    "416": "b7P90uzKvUk 0",
    "417": "bELTBXNlDp8 0",
    "418": "bNaSzFKBUrU 0",
    "419": "bOZOLDoDFSs 0",
    "420": "bbAebmBN4rs 0",
    "421": "bj6TvzHTczc 0",
    "422": "bm8XIEsP7Vo 0",
    "423": "bxQGgxOiTPo 0",
    "424": "c1OybMU-0JU 0",
    "425": "c1TA16lezyE 0",
    "426": "cAbaHKVog7s 0",
    "427": "cKEOpX4isuE 0",
    "428": "cKKw3VfhMfg 0",
    "429": "cL98eAbgq0Q 0",
    "430": "cQCaxW926yg 0",
    "431": "cT6hNPugRQQ 0",
    "432": "cWmtd4zbOb8 0",
    "433": "cXNkUHW6ttU 0",
    "434": "ca45Slea2vo 0",
    "435": "chSAAuRCOV0 0",
    "436": "cjQru2TS7dI 0",
    "437": "cpywXpZVP6o 0",
    "438": "cwmqGB0WDro 0",
    "439": "d0r7XunetJw 0",
    "440": "d15H3qJfk14 0",
    "441": "d9ZKYP2EK5A 0",
    "442": "dD8ijdvmZyM 0",
    "443": "dTDVlnvTLzM 0",
    "444": "dUHUDXNxKBE 0",
    "445": "dY2Tk6DUXMg 0",
    "446": "dbRlwFIPgHg 0",
    "447": "dj7rK_nPJBI 0",
    "448": "dk7BdYp5h3k 0",
    "449": "dnrgup3Njao 0",
    "450": "doSBIRhj0HE 0",
    "451": "drJZOm8ygGE 0",
    "452": "drpL3vmGKSw 0",
    "453": "dsrt-Xx5-X8 0",
    "454": "duNlE7wADiY 0",
    "455": "duRF-5RHGW0 0",
    "456": "e0N28Bn9ET8 0",
    "457": "e2bGzNb0Rpg 0",
    "458": "eAl8NZ0hJt0 0",
    "459": "eNfcR9YIzic 0",
    "460": "eOqzJV7q7SQ 0",
    "461": "esvC8PN5SoM 0",
    "462": "evElKi784UA 0",
    "463": "ey5n2B2z8yY 0",
    "464": "ezu083rBXs0 0",
    "465": "f3O7KGMCFYo 0",
    "466": "f82KNnLwZPc 0",
    "467": "fDitQjJwYkE 0",
    "468": "fQB91SiWtbQ 0",
    "469": "fYVK2TE2tII 0",
    "470": "fcPakT4ECyk 0",
    "471": "ffhz528X5ZI 0",
    "472": "fnmdiokiA3Y 0",
    "473": "fr4QsFwCbtQ 0",
    "474": "fy4QaDqHxVo 0",
    "475": "g7kkCQ93QfU 0",
    "476": "gELwNZgq9Kg 0",
    "477": "gJOiEJzYrX0 0",
    "478": "gLgrBzXsg0k 0",
    "479": "gMeoAiFjprk 0",
    "480": "gOftqcLvsSE 0",
    "481": "gZa_zVCtC8I 0",
    "482": "g_Raf2QR4Ts 0",
    "483": "gbQK8ucIcAw 0",
    "484": "gfBYmwOsbRI 0",
    "485": "gg4kmoSfoTw 0",
    "486": "gggU8ucLi3Q 0",
    "487": "gn8Ki_-15_Y 0",
    "488": "gnURhPBBOfg 0",
    "489": "gsba9KnTrxI 0",
    "490": "guylS0hB1w0 0",
    "491": "gxILOss2qM8 0",
    "492": "gy8FFoHlSbM 0",
    "493": "h62dPN4LcTE 0",
    "494": "hE0zjQEi5MQ 0",
    "495": "hRJuLHTsUUg 0",
    "496": "hSm06cTG1TE 0",
    "497": "hVw5HHXijeg 0",
    "498": "hYFgeIW9-iI 0",
    "499": "hlkn5Ky5Z1Q 0",
    "500": "hncv-bDkrPw 0",
    "501": "ho9SuTPJyFw 0",
    "502": "ht_ysJELN4Y 0",
    "503": "hvz96z8s9_0 0",
    "504": "hwNn7VlnczQ 0",
    "505": "hz8tDJfT6ZE 0",
    "506": "i1U7pMyHA4k 0",
    "507": "i2MPZ8SX6wc 0",
    "508": "i3EUeeUQThc 0",
    "509": "i949Zd8TK5o 0",
    "510": "iHJJYPuLmuQ 0",
    "511": "iHN8A0ZLDU0 0",
    "512": "iHil5m6L0to 0",
    "513": "iLfqYcO4XeE 0",
    "514": "iX6eJ38E3Rs 0",
    "515": "ibKjl4ZyA9w 0",
    "516": "icz8EY9uaRY 0",
    "517": "idie66aX9qM 0",
    "518": "ijy-DGWS-fQ 0",
    "519": "ikyZUthLOHw 0",
    "520": "imUWpqT_KYI 0",
    "521": "imwcT784F8k 0",
    "522": "irbGBNQaZ1E 0",
    "523": "iuV6g_AP3Oo 0",
    "524": "j8iHnieUckQ 0",
    "525": "j8iHnieUckQ 1",
    "526": "jMQs8dS9mPk 0",
    "527": "jTmquAAj8Dw 0",
    "528": "jX0VDVoTGSk 0",
    "529": "jZc1Oy9TNvs 0",
    "530": "jalKwVNxgoQ 0",
    "531": "jbpHf7-fUao 0",
    "532": "jejG-SSlklo 0",
    "533": "jjOsejIqlR0 0",
    "534": "jnofZZFF9nY 0",
    "535": "jqK7MmsATeM 0",
    "536": "juzG8oEdMUg 0",
    "537": "jzNdIT6wDZM 0",
    "538": "k0KqynuPnpw 0",
    "539": "k2UlxxuHKvw 0",
    "540": "k3dG4lBI7IU 0",
    "541": "k9e1zH8O1go 0",
    "542": "k9ptMDYq2yI 0",
    "543": "kCGKcmu9Pho 0",
    "544": "kFfRUALqGgY 0",
    "545": "kGs7dFwf-I4 0",
    "546": "kGzwAl0fSCI 0",
    "547": "kJZb3vFfp3U 0",
    "548": "kOil2HSDq0E 0",
    "549": "kOq_1dmgnhc 0",
    "550": "kTQEQ-sRVcg 0",
    "551": "kT_Pa8UL0-Q 0",
    "552": "kUmXyBm9ksQ 0",
    "553": "kbbvpbwh7A8 0",
    "554": "kdA6YB0wJco 0",
    "555": "ke4Q7KxKJ8w 0",
    "556": "kf77KbTzc_w 0",
    "557": "khk-tGSoE14 0",
    "558": "kkOJhJ6yj6I 0",
    "559": "kteGC21C9Aw 0",
    "560": "kuQdKwof1Bk 0",
    "561": "kvwTQomalz8 0",
    "562": "kzMIiQN7cVQ 0",
    "563": "l5FZTIbkdME 0",
    "564": "l9h_svYodFQ 0",
    "565": "l9uLXRQUgaE 0",
    "566": "lBZ3BR1tbfo 0",
    "567": "lBZ3BR1tbfo 1",
    "568": "lC97iPswEbc 0",
    "569": "lJKODaMl9dM 0",
    "570": "lJRdnWyHUkA 0",
    "571": "lRFGkvACXt0 0",
    "572": "lSJ96mPeLjA 0",
    "573": "lSSkOzo_Hwc 0",
    "574": "lTPZ1zY6r04 0",
    "575": "lZ70q75mXvg 0",
    "576": "laKUTLfP9Kw 0",
    "577": "lnCKJgarohQ 0",
    "578": "m7q59EIloX4 0",
    "579": "mEK1olYy8XY 0",
    "580": "mFCeqSggo2Y 0",
    "581": "mKqe2lhUJPE 0",
    "582": "mLkET5LSFTE 0",
    "583": "mMeDsvxz5BA 0",
    "584": "mNvPCQDLL38 0",
    "585": "mTeJXw8bu_c 0",
    "586": "mU5g4TecCSM 0",
    "587": "mW-aDFm2w_k 0",
    "588": "mWorbwq7tGI 0",
    "589": "mbWG11O3-ks 0",
    "590": "mjnMO3Rd54g 0",
    "591": "mlJ64nVPKsM 0",
    "592": "mqgFOPU4PVk 0",
    "593": "msC51li0cCg 0",
    "594": "mvVZ-gzWKEg 0",
    "595": "mx7Yv0zAtAk 0",
    "596": "n0Y_q89pXkY 0",
    "597": "n2nmSdWD0wA 0",
    "598": "nFMnGujHz0o 0",
    "599": "nGHhg-gj7PM 0",
    "600": "nHu86AonGEM 0",
    "601": "nO-z5bkWgp8 0",
    "602": "nQcD9LbDm1Y 0",
    "603": "nU37adohUBg 0",
    "604": "nUBlVCwus20 0",
    "605": "nUNnFudF2pA 0",
    "606": "nUNnFudF2pA 1",
    "607": "nZ0W1dge0Eg 0",
    "608": "nZJJVq_Mfvg 0",
    "609": "ndVHvlVeTL8 0",
    "610": "nfU4JIaKll4 0",
    "611": "nh03PB73iiw 0",
    "612": "niNF4QRJzMM 0",
    "613": "nlXtgb2AxQA 0",
    "614": "nmfPtUu2nSM 0",
    "615": "nmfPtUu2nSM 1",
    "616": "nnhXKaXFt1Y 0",
    "617": "nsx16uS4DzU 0",
    "618": "nwY9bp4pVHk 0",
    "619": "nwY9bp4pVHk 1",
    "620": "nyvoGNlH7vA 0",
    "621": "nzTVEB-UXDE 0",
    "622": "o-_W2gKkysw 0",
    "623": "o72PD1qKk60 0",
    "624": "o97H1x626cE 0",
    "625": "oAHHbpD_uN8 0",
    "626": "oAr4DcgeTto 0",
    "627": "oC_LIDt4rV0 0",
    "628": "oDT6cGIkn_Q 0",
    "629": "oHH9KGGQsBM 0",
    "630": "oMVfEnN6R-I 0",
    "631": "oUL4nMHdrwM 0",
    "632": "oYSYP57tb2I 0",
    "633": "oaUa1v_-HtE 0",
    "634": "ofROXMIk6Ww 0",
    "635": "ojzk4uzxY3c 0",
    "636": "om80E5pOkQM 0",
    "637": "owg96_aXQcw 0",
    "638": "p9KWUF4GY9w 0",
    "639": "pGmDKODT6V4 0",
    "640": "pGmDKODT6V4 1",
    "641": "pOBbo208f5U 0",
    "642": "pPLp41_IBUw 0",
    "643": "pQ72v_9C0U4 0",
    "644": "pRrc0B9FlOU 0",
    "645": "pSc8pCb5ug0 0",
    "646": "pUbvK1C3dmI 0",
    "647": "pXJ6HOsm_iY 0",
    "648": "pZJmh-7Yutc 0",
    "649": "pbD-H8KisWY 0",
    "650": "pbYYDdYlnA0 0",
    "651": "pbgRanB-Nfo 0",
    "652": "pbuuZv60C4Q 0",
    "653": "pd8-LGKVGWQ 0",
    "654": "pfNHlZ8WkDE 0",
    "655": "pjKHUc8CZ0g 0",
    "656": "pl5Ru8opH9M 0",
    "657": "ptJq_5_lF6Q 0",
    "658": "pwsP8rk2ouU 0",
    "659": "px09hPGfG-Q 0",
    "660": "py7dn9jPAuU 0",
    "661": "q3TBk7wt6zM 0",
    "662": "q9J9OROAF3w 0",
    "663": "qAMyvP7lPuk 0",
    "664": "qEnKi82wWgE 0",
    "665": "qIpsiQDL93U 0",
    "666": "qQUcjcS06IY 0",
    "667": "qQdPwpjWbkY 0",
    "668": "qYTsvPWW710 0",
    "669": "qYk0KzNLjDI 0",
    "670": "qZ_ozYF3eug 0",
    "671": "qZt442xDsAw 0",
    "672": "q_OD0ZA4y6g 0",
    "673": "qb_sn9hVqh0 0",
    "674": "qg6XbzKSbBQ 0",
    "675": "qlV7kuB8whM 0",
    "676": "qpBoMZ8mAiQ 0",
    "677": "qpe2zydDOBM 0",
    "678": "qqvLTSOwm8M 0",
    "679": "qs8SVi4pA4Y 0",
    "680": "qs9B5S_Q36w 0",
    "681": "qscAYU5D2oM 0",
    "682": "quEmrM3Jx1Q 0",
    "683": "qwB6fx8caeY 0",
    "684": "r0WUkAPxFhw 0",
    "685": "r2T0mn64MAU 0",
    "686": "r2T0mn64MAU 1",
    "687": "r2T0mn64MAU 2",
    "688": "r4TBt40XUuA 0",
    "689": "r4evQe47qE0 0",
    "690": "r7B491zbxnw 0",
    "691": "r7_I52yB7fE 0",
    "692": "r81Q3Gnrihc 0",
    "693": "rAPlobc8qgg 0",
    "694": "rBgM58w-gvM 0",
    "695": "rGszRN55VHs 0",
    "696": "rHABPG_ylvQ 0",
    "697": "rI7GbgEhwoY 0",
    "698": "rIiQLEa8iZ0 0",
    "699": "rJPM8EdWShs 0",
    "700": "rKi2MncpSAA 0",
    "701": "rPBfL0TlQIc 0",
    "702": "rRZrp13w7ic 0",
    "703": "rWN7jc2SRCw 0",
    "704": "rZOn1IbnUic 0",
    "705": "rai6unYUpiM 0",
    "706": "rgkJiQbfE8Q 0",
    "707": "riakMXEjekA 0",
    "708": "rjPWhnHIEUA 0",
    "709": "rkC8qab-m6o 0",
    "710": "ruZtZsKYRu4 0",
    "711": "rzEn51zicEM 0",
    "712": "s1jqbrlDefs 0",
    "713": "s4q57iw3Kxw 0",
    "714": "s5rQrYj50I0 0",
    "715": "s8CuBT-MDYE 0",
    "716": "s8raRFJ7z9w 0",
    "717": "sA9vNgx6X-k 0",
    "718": "sFPa6qV1RoM 0",
    "719": "sKEJysz0DCE 0",
    "720": "sNCVZ7VmJ98 0",
    "721": "sO1UU5w51-4 0",
    "722": "sRASRj8cG9E 0",
    "723": "sTXRqJVuFz4 0",
    "724": "sTc6Dp4tCAo 0",
    "725": "sZ8hFchh-i8 0",
    "726": "sZDvg03saDA 0",
    "727": "sZo7jcu_prs 0",
    "728": "sZqIjquRfck 0",
    "729": "saQyF1FPiqw 0",
    "730": "sgZR7AuDorQ 0",
    "731": "sgoA6ahEvjw 0",
    "732": "sjTxzMFOey8 0",
    "733": "snQZfppXZeQ 0",
    "734": "sqfDnCME350 0",
    "735": "srxD9Qm74cM 0",
    "736": "stTeA9w9HbU 0",
    "737": "su62-UdEQ0Y 0",
    "738": "svWeFLpZYtE 0",
    "739": "sx-ll4lW-o0 0",
    "740": "szxR2kMIWtI 0",
    "741": "t0YYLT7MEW4 0",
    "742": "t2T_pvkLm3s 0",
    "743": "t2XY5TCTdUY 0",
    "744": "t6rrtC12SfM 0",
    "745": "t7i5LzSuCCY 0",
    "746": "tApBREQnlcc 0",
    "747": "tD8GJldUl-4 0",
    "748": "tGqXGqEMsek 0",
    "749": "tH6p0SPG5IM 0",
    "750": "tKCCHVTsL1c 0",
    "751": "tKVEzPMy9x0 0",
    "752": "tPT-6R-a1W0 0",
    "753": "tQz_lf0z5yU 0",
    "754": "tR5XH1bzdEM 0",
    "755": "tR7z_H1qPMc 0",
    "756": "tR7z_H1qPMc 1",
    "757": "tTzFkD7YJ8g 0",
    "758": "tXcHhpmBSKI 0",
    "759": "ta1sycJ415M 0",
    "760": "tcyOetKW0BE 0",
    "761": "tfa5pcvxkmk 0",
    "762": "tlbc8UR324M 0",
    "763": "tmSjjPqbakU 0",
    "764": "to6qdPy8ydg 0",
    "765": "tqa3qf3Lass 0",
    "766": "tuAgtClLSxE 0",
    "767": "tuAgtClLSxE 1",
    "768": "twX4w9Ti2bk 0",
    "769": "u1L10BSRzVs 0",
    "770": "u1L10BSRzVs 1",
    "771": "u1ggiYDc_JA 0",
    "772": "u7tnUA1rdDw 0",
    "773": "u80gOsgFcIs 0",
    "774": "uE-bz8xv0Mw 0",
    "775": "uENBtxJ1FnA 0",
    "776": "uFxeBopzRGU 0",
    "777": "uIjzbMtOZS4 0",
    "778": "uKOsEVyx17Y 0",
    "779": "uPXMOO1EiN0 0",
    "780": "uR7K2LihLQY 0",
    "781": "uafR2rn51YA 0",
    "782": "ualXuiy2SN4 0",
    "783": "ueWSYARSUnI 0",
    "784": "uguV02mr7IM 0",
    "785": "ugyYHAxIMrc 0",
    "786": "ui_r92Li-Gc 0",
    "787": "ukdxw_rACaw 0",
    "788": "ukdxw_rACaw 1",
    "789": "ukjUkWWRs9w 0",
    "790": "unJBUjkCJ-s 0",
    "791": "unUjJkjyh9E 0",
    "792": "uuCpdpU7Ny0 0",
    "793": "uuzCB0gt8kM 0",
    "794": "uv4y7rIJ9UE 0",
    "795": "uvbyZZFC25g 0",
    "796": "uvxJpaN72WQ 0",
    "797": "uyag4mBCzMM 0",
    "798": "uyojEDJHIw0 0",
    "799": "uzWFtZBcOIA 0",
    "800": "v-ZKI-eqKtg 0",
    "801": "v-y4B942nxM 0",
    "802": "v2950fRoDs0 0",
    "803": "v4JKM1tSlJg 0",
    "804": "vBMxxLp1ut0 0",
    "805": "vBrDiz59eas 0",
    "806": "vEa0Bt_9TAI 0",
    "807": "vJv2Bemw7MU 0",
    "808": "vOJztGgaiaY 0",
    "809": "vOR4lA-aOfI 0",
    "810": "vOTS31zUyBg 0",
    "811": "vPFPOK5o3j0 0",
    "812": "vRCCZzmv5xs 0",
    "813": "vRyZGkbKyI4 0",
    "814": "vV_h9VUykDg 0",
    "815": "vYZGBJj7xZA 0",
    "816": "v_MP513a0v8 0",
    "817": "v_rk8oOuGZE 0",
    "818": "vcdcGKDA2ys 0",
    "819": "vfB_sUY8Aqs 0",
    "820": "viq-Tn_w1MM 0",
    "821": "vjQ-AzDvPWE 0",
    "822": "vjSgViWZEjY 0",
    "823": "vlY2k3e3Xfs 0",
    "824": "vle7uZ1xPxo 0",
    "825": "vm5DPRNMfvQ 0",
    "826": "vvT0O0n6Muc 0",
    "827": "vzPhIF7L2pg 0",
    "828": "w-3xrMKdXBs 0",
    "829": "w0XqnupIWgo 0",
    "830": "w0iC7zmlWgw 0",
    "831": "w2h4xISxMtc 0",
    "832": "w5CefuXRrx0 0",
    "833": "w9H1lP-eOoA 0",
    "834": "wAoDSioZkV8 0",
    "835": "wAu_YWTQ3Po 0",
    "836": "wCIDKwgcpfw 0",
    "837": "wERnQNuwQbM 0",
    "838": "wERnQNuwQbM 1",
    "839": "wF2J3IRCd58 0",
    "840": "wJPFUGHB14I 0",
    "841": "wKaset-HA9M 0",
    "842": "wLkWLkZTEAU 0",
    "843": "wOBTdvyWWNk 0",
    "844": "wTsoXbhr0N8 0",
    "845": "wUU-Y1ffMp0 0",
    "846": "wYt5Mpl1flY 0",
    "847": "wYvBjtHdE7I 0",
    "848": "wb2iK723AkI 0",
    "849": "wbLsNxqHyeA 0",
    "850": "wcFT49V270w 0",
    "851": "wedLZCKQSrM 0",
    "852": "wfuGKA9RvKU 0",
    "853": "wiQB_pv68cU 0",
    "854": "wjyFwKnSKTk 0",
    "855": "wlBUt9_tpzo 0",
    "856": "wlSJLDlCxlY 0",
    "857": "wnx2fsN9WP0 0",
    "858": "wpCZbl4WaDo 0",
    "859": "wpjqfn8Cxm0 0",
    "860": "wqAlnX62Glk 0",
    "861": "wtK0kYokaV8 0",
    "862": "wuJZuJPVRUk 0",
    "863": "wxR-NKILUT4 0",
    "864": "wzvlqMxyNR4 0",
    "865": "x3XdiNt08sA 0",
    "866": "x4dffEgdvwU 0",
    "867": "x5ycoTaWsns 0",
    "868": "x7A_JH9ENBQ 0",
    "869": "x99NFdLvAIQ 0",
    "870": "x9ixX5bUHlU 0",
    "871": "xAJOrJ0QbJE 0",
    "872": "xBDWct-2mnY 0",
    "873": "xCm6hhsi7Zw 0",
    "874": "xFZuE7hPmVg 0",
    "875": "xG9J__APvnY 0",
    "876": "xG9J__APvnY 1",
    "877": "xHTfDsJrI9g 0",
    "878": "xJwHH4yVaYs 0",
    "879": "xNW6l5lgJMw 0",
    "880": "xOHUoBze-CU 0",
    "881": "xPv2ypSbhco 0",
    "882": "xQHrfDT6XJ0 0",
    "883": "xQi1olDt7oo 0",
    "884": "xQi1olDt7oo 1",
    "885": "xSRKcUG6KnI 0",
    "886": "xX6eSLM7ef4 0",
    "887": "xZjp2wTRB00 0",
    "888": "xdV2xFDvLNI 0",
    "889": "xe1sO7aw6J4 0",
    "890": "xeHP_DkpScE 0",
    "891": "xf9OCpcjNxw 0",
    "892": "xffuIgiRUZw 0",
    "893": "xgIs6mU6klQ 0",
    "894": "xgW0lJJsGmc 0",
    "895": "xhNkjaNQmYk 0",
    "896": "xhyyVne3VhI 0",
    "897": "xiGGcoQG8JI 0",
    "898": "xjYnDXIVPNo 0",
    "899": "xjz-aRpylBg 0",
    "900": "xkBDZxwn3ns 0",
    "901": "xl0CyL44YzA 0",
    "902": "xpr2-JQHu2M 0",
    "903": "xs-QgU_Msy0 0",
    "904": "xtYnIghWxJ0 0",
    "905": "y-5m7d6kwuM 0",
    "906": "y0eQ6TPsPY8 0",
    "907": "y15orJ68Pzs 0",
    "908": "y1uIt39-154 0",
    "909": "y2hDXi4Dt5k 0",
    "910": "y3o0p9JMTTQ 0",
    "911": "y4PqkuhOzNc 0",
    "912": "y5iMwHYojT4 0",
    "913": "y67jlPSTm2Y 0",
    "914": "y8arX_WtdfM 0",
    "915": "yA13FQmjfNQ 0",
    "916": "yA9PpKq7EMY 0",
    "917": "yCouT9KbiEo 0",
    "918": "yE1vy3JnftM 0",
    "919": "yIIe8JmCZTs 0",
    "920": "yIhjWIKFW8k 0",
    "921": "yIvIfkuWRSY 0",
    "922": "yJE0HDRzqSY 0",
    "923": "yKb0teStH1I 0",
    "924": "yNtEPE_OCfg 0",
    "925": "ySy2dIJ889c 0",
    "926": "yVhpvBgKCgc 0",
    "927": "yWhrBZyyzbM 0",
    "928": "yX3GBqrETss 0",
    "929": "yXdpfHzOVac 0",
    "930": "yYXC0qRgH20 0",
    "931": "yZVyZN2kZKY 0",
    "932": "y_vhh1BuwDQ 0",
    "933": "yarXrvfBZ9c 0",
    "934": "ybIKgqf-Zls 0",
    "935": "yc42sj86nHY 0",
    "936": "yd17VGQZJs8 0",
    "937": "ydPPnou6Frs 0",
    "938": "ydPPnou6Frs 1",
    "939": "ydWES3m6QrY 0",
    "940": "yhv0SiFCzRs 0",
    "941": "yj04mRa-AMA 0",
    "942": "yjsNEL7DQuY 0",
    "943": "yjsNEL7DQuY 1",
    "944": "yn5qTgXwcx4 0",
    "945": "yplO7uWY1EM 0",
    "946": "yq2rKzQrYVg 0",
    "947": "yr9rMVVe6TQ 0",
    "948": "yrkevMmkVMU 0",
    "949": "ysNczfg7n8w 0",
    "950": "yuLW_66B3wc 0",
    "951": "yueeQKJK-wc 0",
    "952": "yuyl1f-B6iU 0",
    "953": "yv8BV_DKsFM 0",
    "954": "yvf0HOswcPk 0",
    "955": "yvf0HOswcPk 1",
    "956": "ywyWULfwE74 0",
    "957": "yxucvKpCtDo 0",
    "958": "yxyO4luodNE 0",
    "959": "yyMFVp5Ut0Y 0",
    "960": "yzL60Qro0Ec 0",
    "961": "z10FlGaSfsw 0",
    "962": "z1TT_iTuSfU 0",
    "963": "z3NNFRvZgNs 0",
    "964": "z3YPGJokEno 0",
    "965": "z4JTpNL3Wxs 0",
    "966": "z4lRJPx6pX0 0",
    "967": "z4yTbtJTlE0 0",
    "968": "z4yTbtJTlE0 1",
    "969": "z9kvKAg_uTQ 0",
    "970": "zA9-nGZacyg 0",
    "971": "zBfz_P3H0y8 0",
    "972": "zC7Vk3dgu78 0",
    "973": "zD4gR7-ZMhE 0",
    "974": "zD4gR7-ZMhE 1",
    "975": "zD_OLZWppaA 0",
    "976": "zDcakLZcr68 0",
    "977": "zE41avx58Fw 0",
    "978": "zIowgsPebcE 0",
    "979": "zIuG85babNY 0",
    "980": "zNP-D7uKsRg 0",
    "981": "zNlTg-jqSPc 0",
    "982": "zPdvu-SUnbg 0",
    "983": "zPdvu-SUnbg 1",
    "984": "zR3A0fzf1Kg 0",
    "985": "zRUomg6M3j0 0",
    "986": "zSylvsd2vOY 0",
    "987": "zTgriBC3kwk 0",
    "988": "zXVbI88_88E 0",
    "989": "zYp9zSmTUy8 0",
    "990": "zYtJwZWcRXk 0",
    "991": "zc_QA9odRII 0",
    "992": "zci5zdjxt_I 0",
    "993": "ze1aB8sjnvY 0",
    "994": "ze1aB8sjnvY 1",
    "995": "ze_1aoKAioE 0",
    "996": "zfFu1Iu01X8 0",
    "997": "zgkHFG3upQ0 0",
    "998": "zikCgga8LFM 0",
    "999": "zlKkyKw7xfw 0"
}